{
    "$schema": "https://schema.management.azure.com/schemas/2015-01-01/deploymentParameters.json#",
    "contentVersion": "1.0.0.0",
    "parameters": {
        "name": {
            "value": "cosmosdbexamen4"
        },
        "location": {
            "value": "francecentral"
        },
        "locationName": {
            "value": "France Central"
        },
        "defaultExperience": {
            "value": "Azure Cosmos DB for MongoDB API"
        },
        "isZoneRedundant": {
            "value": "false"
        }
    }
}